{"sigma_E": 0.36077076814167874, "omega_IA": 0.7912448092150003, "gamma_IY": 0.27577598236619927, "gamma_IA": 0.27740463846342206, "gamma_IH": [0.05600013440032257, 0.05600013440032257, 0.052499997375000135, 0.052499997375000135, 0.04800007680012288], "mu": [0.06124141617345382, 0.06124141617345382, 0.0574138175538154, 0.0574138175538154, 0.052492641975142744], "gamma_ICU": [0.06999181445729921, 0.06999181445729921, 0.06999181445729921, 0.057451196070705875, 0.05178079326104044], "mu_ICU": [0.07489219642785193, 0.07489219642785193, 0.07489219642785193, 0.07661668679259334, 0.07992310118896004]}