{"sigma_E": 0.5015357665293312, "omega_IA": 0.522404982926268, "gamma_IY": 0.27113977569089326, "gamma_IA": 0.2533518471231564, "gamma_IH": [0.05600013440032257, 0.05600013440032257, 0.052499997375000135, 0.052499997375000135, 0.04800007680012288], "mu": [0.06124141617345382, 0.06124141617345382, 0.0574138175538154, 0.0574138175538154, 0.052492641975142744], "gamma_ICU": [0.06999181445729921, 0.06999181445729921, 0.06999181445729921, 0.057451196070705875, 0.05178079326104044], "mu_ICU": [0.07489219642785193, 0.07489219642785193, 0.07489219642785193, 0.07661668679259334, 0.07992310118896004]}