{"sigma_E": 0.30736438214684597, "omega_IA": 0.6624875863057436, "gamma_IY": 0.23789921050419147, "gamma_IA": 0.24440142792431135, "gamma_IH": [0.05600013440032257, 0.05600013440032257, 0.052499997375000135, 0.052499997375000135, 0.04800007680012288], "mu": [0.06124141617345382, 0.06124141617345382, 0.0574138175538154, 0.0574138175538154, 0.052492641975142744], "gamma_ICU": [0.06999181445729921, 0.06999181445729921, 0.06999181445729921, 0.057451196070705875, 0.05178079326104044], "mu_ICU": [0.07489219642785193, 0.07489219642785193, 0.07489219642785193, 0.07661668679259334, 0.07992310118896004]}