{"sigma_E": 0.40951528335782794, "omega_IA": 0.3709259765182744, "gamma_IY": 0.23051271763867967, "gamma_IA": 0.21139334891728526, "gamma_IH": [0.05600013440032257, 0.05600013440032257, 0.052499997375000135, 0.052499997375000135, 0.04800007680012288], "mu": [0.06124141617345382, 0.06124141617345382, 0.0574138175538154, 0.0574138175538154, 0.052492641975142744], "gamma_ICU": [0.06999181445729921, 0.06999181445729921, 0.06999181445729921, 0.057451196070705875, 0.05178079326104044], "mu_ICU": [0.07489219642785193, 0.07489219642785193, 0.07489219642785193, 0.07661668679259334, 0.07992310118896004]}