{"sigma_E": 0.3724488431623407, "omega_IA": 0.4502159846831524, "gamma_IY": 0.2637775766225251, "gamma_IA": 0.2625543414506954, "gamma_IH": [0.23990081732529156, 0.23990081732529156, 0.23990081732529156, 0.22219495643223516, 0.21236444856884518], "etaICU": [0.25886428987830273, 0.25886428987830273, 0.25886428987830273, 0.27608484087159985, 0.28508408697687426], "gamma_ICU": [0.06999181445729921, 0.06999181445729921, 0.06999181445729921, 0.057451196070705875, 0.05178079326104044], "mu_ICU": [0.07489219642785193, 0.07489219642785193, 0.07489219642785193, 0.07661668679259334, 0.07992310118896004]}