{"sigma_E": 0.3288376575740407, "omega_IA": 0.6465105401788095, "gamma_IY": 0.2352797627028088, "gamma_IA": 0.24830811193728003, "gamma_IH": [0.06273041297726174, 0.06273041297726174, 0.058809761008893215, 0.058809761008893215, 0.05376893338566843], "mu": [0.06124141617345382, 0.06124141617345382, 0.0574138175538154, 0.0574138175538154, 0.052492641975142744], "gamma_ICU": [0.06999181445729921, 0.06999181445729921, 0.06999181445729921, 0.057451196070705875, 0.05178079326104044], "mu_ICU": [0.07489219642785193, 0.07489219642785193, 0.07489219642785193, 0.07661668679259334, 0.07992310118896004]}