{"sigma_E": 0.27927197484601923, "omega_IA": 0.5130137589644302, "gamma_IY": 0.24022131625395518, "gamma_IA": 0.21877329754728156, "gamma_IH": [0.06273041297726174, 0.06273041297726174, 0.058809761008893215, 0.058809761008893215, 0.05376893338566843], "mu": [0.06124141617345382, 0.06124141617345382, 0.0574138175538154, 0.0574138175538154, 0.052492641975142744], "gamma_ICU": [0.06999181445729921, 0.06999181445729921, 0.06999181445729921, 0.057451196070705875, 0.05178079326104044], "mu_ICU": [0.07489219642785193, 0.07489219642785193, 0.07489219642785193, 0.07661668679259334, 0.07992310118896004]}