{"v_beta_reduct": 0, "v_tau_reduct": 0, "v_beta_reduct_delta": 0, "v_tau_reduct_delta": 0, "v_tau_reduct_omicron": 0, "S": [[291320.85532855534, 22380.82173762502], [703742.6699240621, 99128.65520256128], [1959865.2392506185, 339740.7148309586], [662416.8083970963, 272186.55279581685], [400820.00914474024, 316296.0768933186]], "E": [[1.0899592753964705e-10, 11.99090528821736], [3.521777505955338e-10, 62.07584929008188], [9.665077597808134e-10, 316.93789177182964], [3.0500317588831697e-10, 281.4851559134468], [338.61043059463725, 267.20510041594696]], "IA": [[1.1502016699400482e-06, 8.160077761161263], [3.7257792438628197e-06, 41.77218520656607], [9.950372695358061e-06, 196.68586378250197], [3.1543100208696444e-06, 180.21367227749772], [230.24354260219627, 181.69035375875274]], "IY": [[1.5296449026652086e-06, 10.839216485289692], [4.951180089923602e-06, 55.4603997720137], [1.5359063413322143e-05, 286.2344025085966], [5.796828949232788e-06, 290.06150540545383], [312.8655792565561, 302.4685728976357]], "PA": [[1.8393602778740227e-10, 4.321875585196676], [5.943271107821496e-10, 22.227872181457702], [1.630931580072986e-09, 108.43241898437898], [5.146618506729473e-10, 98.00328415737513], [122.06995025604593, 96.32814104000317]], "PY": [[2.4382217636934716e-10, 5.728997868749081], [7.878289608042449e-10, 29.4648538219323], [2.1619325596316325e-09, 143.73599725836277], [6.822261741478601e-10, 129.9113301621019], [161.81365499057247, 127.69079161116697]], "R": [[677.1410251146011, 948.9097525741997], [2337.3204312883963, 5296.427528571001], [6054.222888193192, 22384.905900505808], [1881.4350678398855, 18158.335325371452], [21366.35092389586, 15761.808034375079]], "D": [[0.0032577145362498545, 0.04198554289339819], [0.008646508481255531, 0.18142535409557803], [1.3799242957447666, 47.41565210648689], [2.4694012928705438, 220.92036712215585], [57.45234780962432, 451.281496455621]], "IH": [[0.00029350877492809733, 0.1326560584034558], [0.000752625815759677, 0.5257091293972009], [0.1201052647397114, 153.14716262391488], [0.21913575118565679, 386.4318166020513], [63.97278541356386, 516.4064344341315]], "ICU": [[9.242581338190398e-05, 0.052795210870121075], [0.00023683693007263838, 0.2089741122617811], [0.03780631697588528, 60.78987949946743], [0.06798906812182537, 151.08474717275993], [23.611640441358812, 190.04418169325254]], "IYIH": [[1.194671243539754e-10, 0.007427333722297841], [2.9733464158393366e-10, 0.029217306203225882], [5.625564900607492e-08, 8.543227240215167], [4.5381797804296383e-08, 17.18696465972064], [2.550634250255592, 20.707772009074215]], "IYICU": [[5.27505371581158e-11, 0.003279364067353575], [1.312878532849684e-10, 0.012900378535812662], [2.4833232336210077e-08, 3.763134512637904], [2.0027151657091566e-08, 7.552722594326249], [1.125489505821307, 9.093356370901619]], "IHICU": [[1.885526517966505e-06, 0.0008260711675663514], [4.834935320240756e-06, 0.0032744277608479622], [0.0007715668954178312, 0.9537531653328375], [0.0011587912204900782, 1.9935671739489922], [0.29591867291597995, 2.3884317134943283]], "ToICU": [[1.8855792685036633e-06, 0.004105435234919925], [4.835066608094041e-06, 0.016174806296660623], [0.0007715917286501674, 4.716887677970742], [0.0011588112476417353, 9.546289768275242], [1.421408178737287, 11.481788084395948]], "ToIHT": [[1.7221766151209122e-10, 0.010706697789651417], [4.286224948689021e-10, 0.04211768473903854], [8.108888134228499e-08, 12.30636175285307], [6.540894946138795e-08, 24.73968725404689], [3.676123756076899, 29.801128379975832]], "ToICUD": [[5.49033946390695e-07, 0.0003036621243142211], [1.4068635300220297e-06, 0.0012021985343128013], [0.0002245786003293263, 0.34966633719079837], [0.0008980613247333858, 1.944669936283555], [0.568445544573197, 4.574712146991633]], "ToIYD": [[0.0, 0.0], [0.0, 0.0], [0.0, 0.0], [0.0, 0.0], [0.0, 0.0]], "ToIA": [[9.501587529600048e-11, 1.8562225017220872], [3.070119194848274e-10, 9.532121698846124], [8.424883114346755e-10, 45.995091461544945], [2.658578820122421e-10, 41.74767116134658], [52.4251772311591, 41.369885510542645]], "ToIY": [[1.259512765551634e-10, 2.4605740139106733], [4.069692886194223e-10, 12.635603182191371], [1.1167868314366626e-09, 60.970237518792125], [3.524162622022742e-10, 55.33993619062222], [69.49383958548995, 54.839150560486765]]}