{"v_beta_reduct": 0.0, "v_tau_reduct": 0.0, "v_beta_reduct_delta": 0, "v_tau_reduct_delta": 0, "v_tau_reduct_omicron": 0, "S": [[45691.0, 3330.0], [37357.09438282794, 2725.3202575484825], [24754.766370019464, 4404.189143277398], [4126.783838191717, 3934.1091613373683], [802.3047432453989, 629.8652791500475]], "E": [[123.0, 13.0], [128.0, 9.0], [78.0, 17.0], [10.0, 10.0], [1.0, 1.0]], "IA": [[158.0, 7.0], [174.0, 14.0], [94.0, 19.0], [17.0, 16.0], [1.0, 3.0]], "IY": [[193.0, 13.0], [246.0, 26.0], [150.0, 39.0], [22.0, 20.0], [3.0, 2.0]], "PA": [[89.0, 7.0], [93.0, 6.0], [45.0, 10.0], [10.0, 6.0], [1.0, 0.0]], "PY": [[113.0, 9.0], [138.0, 11.0], [70.0, 18.0], [9.0, 7.0], [0.0, 0.0]], "R": [[56215.14, 4134.88], [140655.34, 11760.66], [156306.64, 14930.86], [30383.760000000002, 8682.6], [4098.84, 3075.6800000000003]], "D": [[144.0, 5.0], [354.0, 32.0], [619.0, 153.0], [195.0, 365.0], [44.0, 270.0]], "IH": [[0.0, 0.0], [0.0, 0.0], [4.0, 4.0], [0.0, 9.0], [0.0, 1.0]], "ICU": [[0.0, 0.0], [0.0, 0.0], [2.0, 3.0], [0.0, 3.0], [0.0, 0.0]], "IYIH": [[0.0, 0.0], [0.0, 0.0], [1.0, 0.0], [0.0, 2.0], [0.0, 0.0]], "IYICU": [[0.0, 0.0], [0.0, 0.0], [0.0, 0.0], [0.0, 0.0], [0.0, 0.0]], "IHICU": [[0.0, 0.0], [0.0, 0.0], [0.0, 0.0], [0.0, 0.0], [0.0, 0.0]], "ToICU": [[0.0, 0.0], [0.0, 0.0], [0.0, 0.0], [0.0, 0.0], [0.0, 0.0]], "ToIHT": [[0.0, 0.0], [0.0, 0.0], [1.0, 0.0], [0.0, 2.0], [0.0, 0.0]], "ToICUD": [[0.0, 0.0], [0.0, 0.0], [0.0, 0.0], [0.0, 1.0], [0.0, 0.0]], "ToIYD": [[0.0, 0.0], [0.0, 0.0], [0.0, 0.0], [0.0, 0.0], [0.0, 0.0]], "ToIA": [[38.0, 1.0], [44.0, 3.0], [19.0, 8.0], [3.0, 4.0], [0.0, 0.0]], "ToIY": [[30.0, 2.0], [51.0, 3.0], [27.0, 7.0], [5.0, 4.0], [1.0, 1.0]]}