{"v_beta_reduct": 0, "v_tau_reduct": 0, "v_beta_reduct_delta": 0, "v_tau_reduct_delta": 0, "v_tau_reduct_omicron": 0, "S": [[277448.8445927731, 22206.511506851748], [658571.6704095925, 97596.53846114963], [1812982.9074248273, 335165.5687370652], [621485.9691228517, 273257.8850841857], [408467.7827196288, 322331.1068906177]], "E": [[137.9286337660565, 11.039562256407601], [444.4026241521878, 65.85791607666613], [1639.4462052759052, 303.0838942577874], [454.6294084140711, 199.89360470299906], [146.27491541873323, 115.4288230110296]], "IA": [[99.0058288922108, 7.9242502586999235], [315.4734308156601, 46.75135024396417], [1071.393753033178, 198.06821956571196], [301.62871713842384, 132.6215384109646], [104.51120387208752, 82.47213966856178]], "IY": [[131.26837454102204, 10.526726392743358], [418.254444162905, 62.07459715344572], [1434.4965726905273, 289.23730296412674], [405.92811403396814, 203.0428394000831], [149.2281777639664, 153.0828920588846]], "PA": [[50.654568480002425, 4.0543014676338105], [162.1727257391805, 24.03306637090785], [570.7865345897399, 105.52112361884528], [159.63563407472813, 70.1893492670472], [53.58327349891034, 42.28376530146468]], "PY": [[67.14675356651483, 5.374306596630863], [214.97314807286713, 31.857785654459246], [756.6240109677944, 139.87683828544604], [211.61002656417432, 93.04169554003931], [71.02899045204394, 56.05057260891829]], "R": [[14033.183064998362, 1122.812747053808], [45855.521171952045, 6793.790972800098], [146893.49569189348, 26690.594370793522], [40964.08201111116, 17066.26619573608], [13794.300777397764, 8686.940072103827]], "D": [[29.625342181414617, 2.4821243333459737], [96.68909791040639, 14.84639985551944], [384.57526105311723, 196.6991557799678], [233.56934641898695, 684.5200553933742], [552.8254885162667, 2080.281478991839]], "IH": [[0.2439091965474482, 0.19527358413057963], [0.5996997922753297, 0.888907484699251], [136.5442024392977, 255.55441152532794], [58.061281966681975, 259.9889387417466], [114.22947329613308, 467.2263945593892]], "ICU": [[0.09893160492920827, 0.07920120485839696], [0.2432478102071636, 0.36054321063663913], [50.73034323303025, 94.79594614436425], [25.886337424992476, 115.55069862103166], [43.234980154589394, 176.12697107889258]], "IYIH": [[0.009286659736977267, 0.007435255545358595], [0.02274066591326458, 0.03370860971838136], [4.745124978208619, 8.899202175998415], [2.024781945376097, 9.097422752909639], [3.5483083718776385, 14.676263745882402]], "IYICU": [[0.0037563807194072514, 0.0030073514789296743], [0.009198432117739443, 0.013634358711988568], [1.9188735687803837, 3.5909589047946815], [0.818689726062857, 3.6669254513137455], [1.4325903717900077, 5.892426075177472]], "IHICU": [[0.0007695402333434343, 0.0006160929008921322], [0.0018922277875535105, 0.002804760378267964], [0.4038980098176593, 0.7559012678188521], [0.17173428176523003, 0.7689484919845387], [0.30886433099562544, 1.2630847566806673]], "ToICU": [[0.004525920952750686, 0.003623444379821807], [0.011090659905292953, 0.016439119090256533], [2.3227715785980436, 4.346860172613534], [0.990424007828087, 4.435873943298285], [1.7414547027856329, 7.155510831858141]], "ToIHT": [[0.01304304045638452, 0.01044260702428827], [0.031939098031004025, 0.04734296843036993], [6.663998546989002, 12.490161080793097], [2.843471671438954, 12.764348204223387], [4.980898743667646, 20.56868982105987]], "ToICUD": [[0.00040984604123124976, 0.00032810815020323567], [0.0010077924185718664, 0.0014937542145019062], [0.21015235302924884, 0.3926813051207257], [0.41002411890032864, 1.8301250772139999], [1.4312910804318209, 5.829533165844436]], "ToIYD": [[0.120895296590797, 0.009644643689595406], [0.3850655944600476, 0.05692117722352778], [1.2806770761575808, 0.19854139161013068], [0.35754370439537864, 0.11802253274430098], [0.11080452314705638, 0.030220851554535903]], "ToIA": [[21.847896753830696, 1.74866675468249], [69.8431218394654, 10.350349450368423], [243.12824336489805, 44.947040388365295], [68.13703044823917, 29.958811238298612], [23.097810267147615, 18.227001161728058]], "ToIY": [[28.96116546438022, 2.318000116672136], [92.58274290347738, 13.720230666767446], [322.2862760883531, 59.580960514809796], [90.32117989650303, 39.712842804256304], [30.618027563428228, 24.161373632988344]], "ToIH": [[0.009286659736977267, 0.007435255545358595], [0.02274066591326458, 0.03370860971838136], [4.745124978208619, 8.899202175998415], [2.024781945376097, 9.097422752909639], [3.5483083718776385, 14.676263745882402]]}