{"v_beta_reduct": 0, "v_tau_reduct": 0, "v_beta_reduct_delta": 0, "v_tau_reduct_delta": 0, "v_tau_reduct_omicron": 0, "S": [[252520.69147999873, 22370.88333078496], [576895.7228090583, 98506.29946216456], [1565388.2785167026, 338478.63271181117], [554753.9177214348, 275759.8772002641], [411283.72981013043, 324553.2340228546]], "E": [[42.99381832569914, 5.320367677742596], [131.38869492879962, 31.33910457886696], [480.3423075534417, 145.08920759972563], [142.36905586816812, 98.85797232319835], [75.5316523100371, 59.603724269932265]], "IA": [[41.259558404340204, 5.096800231897627], [124.96031276238432, 29.754408587136112], [421.4446977522613, 127.08614666084704], [126.43786111674395, 87.6551994987581], [71.4434671620248, 56.37764549534983]], "IY": [[54.707090586295635, 6.77358047304653], [165.67814890114533, 39.51987388940069], [565.4988244069921, 189.42750406814994], [172.03594377437395, 148.39476553559268], [97.6406680276688, 99.46638024266895]], "PA": [[17.452697457278674, 2.159859752242865], [53.01238316267192, 12.645755593081303], [184.88259601031206, 55.85110930551824], [55.276962137299066, 38.386886879967214], [30.541435530496162, 24.100933138539357]], "PY": [[23.13497104802057, 2.86306990413589], [70.27222884354182, 16.762978344317073], [245.0769295950649, 74.03519140498932], [73.27411260060572, 50.884943073444894], [40.48515872647164, 31.947748578994034]], "R": [[39297.31247435695, 977.6542973165612], [128637.86979794152, 5999.540478807115], [398418.0495903657, 24069.93451989094], [108719.37539478899, 15235.367415365406], [11817.39856433139, 8720.351073586471]], "D": [[0.18429371585880508, 0.04299777961691945], [0.46449592264803186, 0.20360312611925277], [88.48427226656842, 50.708288765296345], [137.37385067899848, 184.4908894204098], [31.837390906567652, 249.905616587567]], "IH": [[0.19210708732798396, 0.14790739344005577], [0.4602132418290855, 0.6720140430556926], [93.98182164043205, 178.56309277469893], [88.64003545047584, 345.70358839058616], [35.53745373092903, 290.8401558579082]], "ICU": [[0.07150901959734093, 0.05778868633480687], [0.17091523851690602, 0.26232086623393586], [34.96044371317771, 69.67222771863413], [32.299062149504174, 133.3811392489431], [12.854399144584873, 105.17269938737059]], "IYIH": [[0.0038514254674563418, 0.004760054435092837], [0.008966512593581388, 0.021357515754292396], [1.8635667550466655, 5.8046632833534435], [1.2138617215066267, 9.014854059825078], [0.815710843811594, 6.9754149145965405]], "IYICU": [[0.001700591383038582, 0.002101689792963971], [0.003959155864223874, 0.009430028760985986], [0.8226442503065504, 2.556847444371531], [0.5356815719858935, 3.961530921266308], [0.35993949128637104, 3.0630979337387627]], "IHICU": [[0.00122066009271655, 0.0009335424297056754], [0.002925129500650823, 0.004242468274896758], [0.5972332419900599, 1.1268136759199516], [0.4652294875127786, 1.8020917973599389], [0.16596065009241692, 1.3574545595384457]], "ToICU": [[0.002921251475755132, 0.0030352322226696463], [0.006884285364874698, 0.013672497035882743], [1.4198774922966102, 3.6836611202914824], [1.0009110594986719, 5.763622718626246], [0.525900141378788, 4.420552493277208]], "ToIHT": [[0.005552016850494925, 0.006861744228056809], [0.012925668457805264, 0.030787544515278376], [2.686211005353216, 8.361510727724975], [1.7495432934925201, 12.976384981091385], [1.1756503350979655, 10.038512848335303]], "ToICUD": [[0.0004200095587708944, 0.0003372217741356703], [0.0010041925117872939, 0.0015310970633608497], [0.20536588123933808, 0.406482091578859], [0.42336407807854815, 1.736470888530302], [0.3128836711028741, 2.558364406935427]], "ToIYD": [[0.0, 0.0], [0.0, 0.0], [0.0, 0.0], [0.0, 0.0], [0.0, 0.0]], "ToIA": [[7.6884077530113455, 0.9514915268813832], [23.324026068277448, 5.563895113540453], [80.53917483400578, 24.33066768995122], [24.12519297228169, 16.754003191988346], [13.443375269255252, 10.608469539589809]], "ToIY": [[10.191610277247596, 1.2612794658660196], [30.917895020739866, 7.3753958481815305], [106.76123175670536, 32.252280426214405], [31.979906963257115, 22.20879492891478], [17.82028814761742, 14.062389854805096]]}