{"v_beta_reduct": 0, "v_tau_reduct": 0, "v_beta_reduct_delta": 0, "v_tau_reduct_delta": 0, "v_tau_reduct_omicron": 0, "S": [[277537.06653578475, 22213.572634085926], [658857.6373016009, 97638.91711183943], [1814084.2625511265, 335369.175906099], [621789.1043900156, 273391.1690296247], [408561.57119256957, 322405.117482335]], "E": [[145.73015826723318, 11.66398238639822], [467.0713546155394, 69.21729171327068], [1654.5820070903753, 305.8820450857199], [462.17045604138923, 203.20928812682342], [154.21087420025603, 121.69126643130382]], "IA": [[105.03376417836559, 8.40671546590246], [334.29397351100425, 49.540446558847385], [1124.968162586502, 207.97250348044435], [317.2438968513927, 139.4872943500691], [110.80779281122794, 87.44091950445261]], "IY": [[139.26061104321172, 11.167648345277675], [443.2067878246129, 65.77797044060175], [1506.363697390347, 303.9568555409988], [426.9912432565743, 213.7729207196763], [158.22486133392883, 162.31628305426304]], "PA": [[53.71177481590278, 4.2989948192195335], [171.03089557022832, 25.345796255073036], [578.5642567578171, 106.95898862202127], [163.03228743588875, 71.68280585327528], [56.70179536757465, 44.74466099095195]], "PY": [[71.19932940712692, 5.698667551058446], [226.7153731977445, 33.597915966027045], [766.9340147719903, 141.7828453826794], [216.1125670661781, 95.02139380550446], [75.1628450221338, 59.312690150796755]], "R": [[13916.260173654633, 1113.4424187307975], [45483.25682666768, 6738.5684351099335], [145628.02083833932, 26441.625548735992], [40607.96236115525, 16901.824936261975], [13671.92497075519, 8594.086124518475]], "D": [[29.37735838794696, 2.4604917165657807], [95.90132494977188, 14.721530834041715], [380.64573875178974, 193.79760834262711], [230.321241721099, 672.9929273377245], [543.5382865525403, 2043.2149285006014]], "IH": [[0.2563289539356481, 0.20521605278259067], [0.6304502036200467, 0.9344848558275682], [143.3410987306506, 268.2325354196133], [60.93449119240249, 272.784086459746], [119.5598714176764, 488.6791444950332]], "ICU": [[0.10396550703615119, 0.08323084607709752], [0.25571185906868527, 0.37901642692700405], [53.31763445841095, 99.61516329119881], [27.12706526302111, 121.05531745959144], [45.29750996907616, 184.39650001942078]], "IYIH": [[0.009852170006583815, 0.007888028802365466], [0.024110892336626524, 0.03573973824523036], [5.0054630303662755, 9.391529453730522], [2.1378153134417066, 9.610319308187211], [3.762913539578048, 15.563651920624007]], "IYICU": [[0.00398512516935393, 0.003190485510540654], [0.009752678628782721, 0.014455903568230765], [2.024151261049238, 3.789620199041217], [0.8643930460420398, 3.8736602028494986], [1.519234841425351, 6.24870675466026]], "IHICU": [[0.00080856129093404, 0.0006473305717813854], [0.0019889001263067615, 0.0029480449288390304], [0.42397353615033273, 0.7933354011028144], [0.1802150528470775, 0.8066982842673674], [0.32320340909191697, 1.3207579192505727]], "ToICU": [[0.00479368646028797, 0.003837816082322039], [0.011741578755089483, 0.017403948497069797], [2.4481247971995708, 4.582955600144032], [1.0446080988891173, 4.680358487116866], [1.842438250517268, 7.569464673910835]], "ToIHT": [[0.013837295175937746, 0.011078514312906119], [0.03386357096540924, 0.05019564181346111], [7.029614291415514, 13.181149652771737], [3.0022083594837463, 13.483979511036711], [5.2821483810034, 21.81235867528427]], "ToICUD": [[0.0004306128073743141, 0.00034473189847494476], [0.0010592427936106116, 0.0015700096309141], [0.2208600744189588, 0.4126192485715246], [0.4296246890795064, 1.9170454518461622], [1.4992397194092344, 6.101797664921739]], "ToIYD": [[0.1282572042847983, 0.010231958639212013], [0.4082675118651561, 0.06035099019435135], [1.3509405522474556, 0.20952522374647534], [0.3775035668540286, 0.12467643375932481], [0.11750608929626762, 0.03204813040182703]], "ToIA": [[23.179138887198597, 1.8552170046805767], [73.71445821435185, 10.924059262654557], [247.05248496599455, 45.67251367479652], [69.74210922265394, 30.664539851784653], [24.457938189812488, 19.300308671824457]], "ToIY": [[30.725835269077212, 2.459241145739367], [97.71451437716408, 14.480729720263021], [327.48817774562065, 60.54263440612562], [92.44884245793656, 40.64834352445872], [32.420987833007224, 25.584130099860317]], "ToIH": [[0.009852170006583815, 0.007888028802365466], [0.024110892336626524, 0.03573973824523036], [5.0054630303662755, 9.391529453730522], [2.1378153134417066, 9.610319308187211], [3.762913539578048, 15.563651920624007]]}