{"v_beta_reduct": 0.7, "v_tau_reduct": 0.95, "v_beta_reduct_delta": 0.7, "v_tau_reduct_delta": 0.95, "v_tau_reduct_omicron": 0.95, "S": [[0.0, 0.0], [77212.98854608572, 8395.461715369063], [376712.12965341005, 38701.43517821436], [111747.22095315743, 30344.274445654708], [62939.08230866878, 49074.49989853093]], "E": [[0.0, 0.0], [92.64797467054028, 8.155596533705603], [318.3200665055902, 30.991517237625885], [86.64271139676791, 27.201954378443038], [26.561529461224243, 22.08486835346957]], "IA": [[0.0, 0.0], [229.0, 34.0], [1028.0, 109.0], [253.0, 60.0], [63.0, 51.0]], "IY": [[0.0, 0.0], [10.0, 0.0], [31.0, 5.0], [5.0, 1.0], [1.0, 7.0]], "PA": [[0.0, 0.0], [113.0, 17.0], [539.0, 55.0], [136.0, 45.0], [35.0, 26.0]], "PY": [[0.0, 0.0], [2.0, 0.0], [17.0, 5.0], [4.0, 2.0], [0.0, 1.0]], "R": [[0.0, 0.0], [11381.66, 2932.44], [101593.12, 17833.88], [24951.2, 10333.48], [8359.5, 6532.74]], "D": [[0.0, 0.0], [2.0, 0.0], [12.0, 5.0], [11.0, 19.0], [3.0, 20.0]], "IH": [[0.0, 0.0], [0.0, 0.0], [0.0, 0.0], [0.0, 0.0], [0.0, 1.0]], "ICU": [[0.0, 0.0], [0.0, 0.0], [0.0, 0.0], [0.0, 0.0], [0.0, 0.0]], "IYIH": [[0.0, 0.0], [0.0, 0.0], [0.0, 0.0], [0.0, 0.0], [0.0, 0.0]], "IYICU": [[0.0, 0.0], [0.0, 0.0], [0.0, 0.0], [0.0, 0.0], [0.0, 0.0]], "IHICU": [[0.0, 0.0], [0.0, 0.0], [0.0, 0.0], [0.0, 0.0], [0.0, 0.0]], "ToICU": [[0.0, 0.0], [0.0, 0.0], [0.0, 0.0], [0.0, 0.0], [0.0, 0.0]], "ToIHT": [[0.0, 0.0], [0.0, 0.0], [0.0, 0.0], [0.0, 0.0], [0.0, 0.0]], "ToICUD": [[0.0, 0.0], [0.0, 0.0], [0.0, 0.0], [0.0, 0.0], [0.0, 0.0]], "ToIYD": [[0.0, 0.0], [0.0, 0.0], [0.0, 0.0], [0.0, 0.0], [0.0, 0.0]], "ToIA": [[0.0, 0.0], [56.0, 3.0], [242.0, 24.0], [65.0, 16.0], [12.0, 13.0]], "ToIY": [[0.0, 0.0], [3.0, 0.0], [3.0, 1.0], [2.0, 0.0], [1.0, 0.0]]}