{"v_beta_reduct": 0.4, "v_tau_reduct": 0.7, "v_beta_reduct_delta": 0.4, "v_tau_reduct_delta": 0.8, "v_tau_reduct_omicron": 0.7, "S": [[21869.86, 1561.12], [32473.018351427712, 7863.221787845178], [186775.3704492866, 59113.18268674361], [58198.00093736876, 42211.41443862952], [49406.59303916365, 38855.167380204475]], "E": [[40.0, 3.0], [70.0, 20.0], [351.0, 103.0], [85.0, 53.0], [46.0, 34.0]], "IA": [[76.0, 4.0], [170.0, 40.0], [799.0, 259.0], [203.0, 153.0], [96.0, 70.0]], "IY": [[17.0, 0.0], [46.0, 7.0], [193.0, 69.0], [60.0, 47.0], [27.0, 13.0]], "PA": [[36.0, 1.0], [95.0, 21.0], [471.0, 150.0], [111.0, 78.0], [50.0, 43.0]], "PY": [[9.0, 0.0], [23.0, 1.0], [91.0, 30.0], [24.0, 15.0], [16.0, 10.0]], "R": [[3751.0, 262.0], [17250.0, 2508.0], [43224.78, 19671.14], [11573.94, 11465.16], [6205.82, 4745.139999999999]], "D": [[2.0, 0.0], [10.0, 1.0], [22.0, 19.0], [8.0, 52.0], [4.0, 49.0]], "IH": [[0.0, 0.0], [0.0, 0.0], [2.0, 12.0], [0.0, 13.0], [0.0, 10.0]], "ICU": [[0.0, 0.0], [0.0, 0.0], [1.0, 3.0], [1.0, 4.0], [0.0, 1.0]], "IYIH": [[0.0, 0.0], [0.0, 0.0], [0.0, 3.0], [0.0, 5.0], [0.0, 3.0]], "IYICU": [[0.0, 0.0], [0.0, 0.0], [0.0, 0.0], [0.0, 0.0], [0.0, 1.0]], "IHICU": [[0.0, 0.0], [0.0, 0.0], [0.0, 0.0], [0.0, 0.0], [0.0, 0.0]], "ToICU": [[0.0, 0.0], [0.0, 0.0], [0.0, 0.0], [0.0, 0.0], [0.0, 1.0]], "ToIHT": [[0.0, 0.0], [0.0, 0.0], [0.0, 3.0], [0.0, 5.0], [0.0, 4.0]], "ToICUD": [[0.0, 0.0], [0.0, 0.0], [0.0, 0.0], [0.0, 0.0], [0.0, 0.0]], "ToIYD": [[0.0, 0.0], [0.0, 0.0], [0.0, 0.0], [0.0, 0.0], [0.0, 0.0]], "ToIA": [[23.0, 2.0], [47.0, 13.0], [210.0, 62.0], [48.0, 49.0], [21.0, 16.0]], "ToIY": [[4.0, 0.0], [10.0, 1.0], [34.0, 12.0], [19.0, 10.0], [6.0, 2.0]]}