{"omicron alpha_gamma_ICU": 1.9614569132653024, "omicron alpha_IH": 0.9999999999999999, "omicron alpha_mu_ICU": 3.7609115099514288, "omicron alpha_IYD": 0.17632805749689714}