{"v_beta_reduct": 0.0, "v_tau_reduct": 0.0, "v_beta_reduct_delta": 0, "v_tau_reduct_delta": 0, "v_tau_reduct_omicron": 0, "S": [[28349.86923593132, 2126.5588955040785], [18913.19756406288, 1411.3364585523525], [12131.989862954795, 2219.5233606348747], [2279.932499626111, 2172.9007578567152], [586.554251731827, 459.2824965811313]], "E": [[82.16069414353231, 6.162975692680608], [68.93101762413148, 5.144798986048508], [40.79670508795156, 7.4253279281241635], [6.872014524040322, 6.467556171148269], [1.1111852630973111, 0.8700779856128735]], "IA": [[104.73534133102991, 7.856328010813864], [96.80391473817603, 7.22947161678505], [64.42549154905593, 11.565310233995625], [10.514996539703432, 9.558995767264257], [1.2707802984975436, 0.9950437600218968]], "IY": [[138.85820885084584, 10.431446476025013], [128.33777158477668, 9.595433767001914], [86.07195419083544, 16.522555588542925], [14.178808372906941, 14.802905936406932], [1.7183671806982954, 1.584065705452036]], "PA": [[61.400759666015176, 4.605747228385167], [55.68812144906937, 4.157343492588532], [36.14804661232687, 6.544123966197553], [5.879635220130846, 5.45939535262698], [0.7638049067629331, 0.5980729377431656]], "PY": [[81.39170467355498, 6.105292837626848], [73.81913773481283, 5.5108971878499124], [47.91717806750307, 8.674768978447917], [7.793935059243213, 7.236872909296227], [1.0124855740810972, 0.7927943593339641]], "R": [[74154.9881235539, 5368.412002628772], [172890.00696057535, 14896.646494260147], [235561.84261610583, 26186.161431633347], [49942.41333940098, 15455.28998337639], [8090.411725811382, 6088.253049090864]], "D": [[156.50133762608257, 11.70271365713532], [419.3463906783178, 38.524048078834994], [807.8644045761484, 243.15610240290286], [309.04334987092017, 550.3432928644856], [76.58140594904728, 428.0633809668587]], "IH": [[0.05103597948318535, 0.038286034349406944], [0.03622454352862271, 0.027070959540696403], [1.4940056916023803, 2.655710237810071], [0.5790745567428192, 5.118460270490814], [0.0839772017024469, 0.6645870866000625]], "ICU": [[0.019247683746187752, 0.014439482336069821], [0.013736922016542755, 0.010272282947691249], [0.5701767061743638, 1.0016913757626231], [0.20663978401380553, 1.7798607883016282], [0.02186990616748942, 0.17289068390439521]], "IYIH": [[0.010082090657992454, 0.007562995553389145], [0.007173213964731601, 0.0053574880226512096], [0.2945858526341453, 0.5286604896959273], [0.10409338553425082, 0.945178417661442], [0.014826044349286596, 0.11658202984917407]], "IYICU": [[0.002096069102982232, 0.001572277633743825], [0.0014913146617751222, 0.001113785678934994], [0.06123032490784821, 0.10966757088725587], [0.021630214155648347, 0.195645876644808], [0.0030805127260730035, 0.024115488147365787]], "IHICU": [[0.0008069964981219302, 0.0006053939327378666], [0.0005726386870637503, 0.0004279691641668041], [0.02363028053459951, 0.041954972538043284], [0.008590096531147489, 0.07569826830726703], [0.0011934028967606728, 0.00945095763656238]], "ToICU": [[0.0029030656011041624, 0.002177671566481692], [0.0020639533488388726, 0.001541754843101798], [0.08486060544244774, 0.15162254342529913], [0.030220310686795836, 0.27134414495207504], [0.004273915622833676, 0.03356644578392817]], "ToIHT": [[0.012178159760974689, 0.00913527318713297], [0.008664528626506724, 0.0064712737015862045], [0.3558161775419936, 0.6383280605831831], [0.12572359968989918, 1.1408242943062499], [0.017906557075359597, 0.14069751799653987]], "ToICUD": [[0.00036276900585873535, 0.00027214897798383725], [0.0002589955206925201, 0.0001936919000013508], [0.010759373094394807, 0.018873267631851355], [0.0094769385791573, 0.08132342948264015], [0.0021288780978077713, 0.016842890112618865]], "ToIYD": [[0.06728872085517029, 0.005031350044121229], [0.062270602476112685, 0.004639314447219781], [0.040838913088809006, 0.006189242265948623], [0.0065429181842038015, 0.003897501946700406], [0.0007802661205788482, 0.0003612638568699829]], "ToIA": [[26.436335807572625, 1.9830223768677544], [24.35122814919471, 1.8180043221308153], [16.071822655684066, 2.9066357162125667], [2.598707583423704, 2.4065535154457622], [0.3228744445624556, 0.2528164795380075]], "ToIY": [[35.04351490771255, 2.6286575693363265], [32.27953498846739, 2.4099127060803824], [21.304509101720743, 3.8529822284678206], [3.444798424538398, 3.1900825669862414], [0.42799635674558056, 0.33512882171317276]]}