{"v_beta_reduct": 0.62, "v_tau_reduct": 0.85, "v_beta_reduct_delta": 0.62, "v_tau_reduct_delta": 0.85, "v_tau_reduct_omicron": 0.85, "S": [[0.0, 0.0], [4183.258279954768, 501.46477164116163], [9357.658708374198, 29.03126720231959], [4008.066878542119, -6.601893902737627e-13], [18.638240183150412, 14.594492628868569]], "E": [[0.0, 0.0], [5.88511400587839, 0.7054761749818145], [12.039336579634284, 0.036811846191790114], [4.584689071105434, -7.450753482216179e-16], [0.013401685764445524, 0.01049405964198453]], "IA": [[0.0, 0.0], [18.297392185748006, 2.1934197353390106], [40.93909213432228, 0.12323813417020324], [14.793688369761968, -2.3206362332248193e-15], [0.03243775317068721, 0.025400067007111216]], "IY": [[0.0, 0.0], [1.7109150354026432, 0.20533938301073737], [3.8579170014205397, 0.012483520682365475], [1.4068592174945111, -2.5319756986344452e-16], [0.003093467043479158, 0.002850146544360809]], "PA": [[0.0, 0.0], [10.262771380616314, 1.2302534609930833], [22.783999130810685, 0.0687547504477838], [8.309532128496732, -1.3329855521233876e-15], [0.01955604205304203, 0.015313168453048828]], "PY": [[0.0, 0.0], [0.9595045960007599, 0.1150209632749137], [2.1301606623119897, 0.006428136865265737], [0.776889007092915, -1.246257678584469e-16], [0.0018283669716075385, 0.0014316849674528976]], "R": [[0.0, 0.0], [6215.9103148419645, 647.4016107057734], [10816.463771614362, 325.29344508548684], [2700.0289254077184, 188.19094119212852], [266.6885309781252, 207.7433194003306]], "D": [[0.0, 0.0], [1.5225666562349223, 0.15285840140483584], [4.12648667401256, 0.18358783175134732], [1.8049946221848379, 0.4366656298824011], [0.31309017419239016, 1.9084534918414724]], "IH": [[0.0, 0.0], [0.0005025938466335697, 0.0006025606484809757], [0.06779994920201839, 0.002218837044164976], [0.05694533594405901, -8.671404643267303e-17], [0.00015047252973966968, 0.001189938408695443]], "ICU": [[0.0, 0.0], [0.00019661641334960264, 0.00023573132545821358], [0.02590035792522314, 0.0009154810198864714], [0.019990691217148738, 6.624095087010334e-14], [3.9144848353534425e-05, 0.0003091980734980765]], "IYIH": [[0.0, 0.0], [9.596551415650502e-05, 0.00011504680392379937], [0.013219091819900273, 0.00040053667668142075], [0.010322293411484555, -1.6153663778438865e-17], [2.6678915212420153e-05, 0.00020967066261436544]], "IYICU": [[0.0, 0.0], [1.9951276929704533e-05, 2.3917455732203353e-05], [0.0027476176465419102, 8.308902450449947e-05], [0.0021449337623319314, -3.343704904707411e-18], [5.54326804193308e-06, 4.337126730138919e-05]], "IHICU": [[0.0, 0.0], [7.979940019317702e-06, 9.567225784975125e-06], [0.0010738441859773115, 3.544976474931379e-05], [0.0008439593702856164, -1.2811505016674506e-18], [2.137379297219363e-06, 1.6913729220357505e-05]], "ToICU": [[0.0, 0.0], [2.7931216949022234e-05, 3.348468151717848e-05], [0.003821461832519222, 0.00011853878925381327], [0.0029888931326175474, -4.624855406374862e-18], [7.680647339152444e-06, 6.0284996521746693e-05]], "ToIHT": [[0.0, 0.0], [0.00011591679108620954, 0.00013896425965600272], [0.015966709466442186, 0.00048362570118592026], [0.012467227173816485, -1.949736868314628e-17], [3.222218325435323e-05, 0.0002530419299157546]], "ToICUD": [[0.0, 0.0], [3.725288411773462e-06, 4.466433790261636e-06], [0.0004891324288849245, 1.74744519492212e-05], [0.0009150338867431983, 3.299990776685421e-15], [3.808605103628577e-06, 3.0106454196746954e-05]], "ToIYD": [[0.0, 0.0], [0.0008330757193130911, 9.962473033883099e-05], [0.0018325840739417754, 4.689244943962275e-06], [0.0006488204886223704, -6.661063651726427e-20], [1.4040598546468495e-06, 6.49726483117048e-07]], "ToIA": [[0.0, 0.0], [4.501306595793863, 0.5395963813160368], [10.137836873807485, 0.03051773939360807], [3.669723370788461, -5.871885675858648e-16], [0.008263109501395088, 0.006470347496576808]], "ToIY": [[0.0, 0.0], [0.42084386434158033, 0.05044886889286073], [0.9478240051509464, 0.0028532167503045273], [0.3430960614569856, -5.4898439068990125e-17], [0.0007725487833453038, 0.0006049368080451803]]}