{"v_beta_reduct": 0.7, "v_tau_reduct": 0.95, "v_beta_reduct_delta": 0.7, "v_tau_reduct_delta": 0.95, "v_tau_reduct_omicron": 0.95, "S": [[0.0, 0.0], [53805.398232565465, 6733.6589353701875], [292096.73411297926, 32059.305229682457], [90432.8534511381, 26148.647500527593], [59913.54612988124, 46890.21826595529]], "E": [[0.0, 0.0], [58.064612904189275, 7.361937174618472], [293.0454203761436, 32.24359601872333], [80.77587893778967, 23.404450935377703], [34.12616184903503, 26.70826192431968]], "IA": [[0.0, 0.0], [178.11823464162543, 23.35179921429067], [1029.8194178217093, 114.00341106195143], [270.0110028987364, 78.67633503586008], [89.11567173450766, 69.74533180568444]], "IY": [[0.0, 0.0], [5.225936811769563, 0.6859203319550341], [30.445414968619453, 3.6054139540136037], [8.054327086668394, 2.698587287367107], [2.6671941260941474, 2.46060592763538]], "PA": [[0.0, 0.0], [104.75552495942505, 13.436009116013631], [583.38066970714, 64.31865818578429], [154.15173407083498, 44.74721068429177], [53.20475985983148, 41.63990327302836]], "PY": [[0.0, 0.0], [3.07311627518643, 0.394159814520215], [17.114100964131254, 1.8868571881573373], [4.522207329921564, 1.3127076731881788], [1.56081899743201, 1.2215514598881205]], "R": [[0.0, 0.0], [12618.606058253168, 3778.3249159382362], [149361.37854638527, 23973.345507949296], [38178.80106561048, 14746.723409324111], [13334.039038673593, 10419.127917119375]], "D": [[0.0, 0.0], [1.007696100589827, 0.351634792551578], [16.051770338993343, 9.133503991393141], [8.067748898201977, 23.275744420171016], [4.778404091266119, 29.284846873596624]], "IH": [[0.0, 0.0], [0.0014216831613656584, 0.0019322113935493596], [0.5201663503758487, 0.58213596674069], [0.31705686584190046, 0.9393666766239722], [0.13162672292479882, 1.0425780230815402]], "ICU": [[0.0, 0.0], [0.0005190857280041828, 0.0007281766520798689], [0.19520367479437778, 0.21981068477415086], [0.1097936391379526, 0.32731568573085995], [0.0343415132043745, 0.2717215223351046]], "IYIH": [[0.0, 0.0], [0.0002911697933893151, 0.0003829460793570085], [0.10406092451350449, 0.11540846485111964], [0.05896004744053495, 0.17241111590377622], [0.023034362151366, 0.18126510020043451]], "IYICU": [[0.0, 0.0], [6.0534341242637954e-05, 7.961191087853741e-05], [0.021629294690149715, 0.023940820709581097], [0.012251676186920898, 0.035687996344396386], [0.0047860133203818205, 0.037495456041295026]], "IHICU": [[0.0, 0.0], [2.2379305939354566e-05, 3.054129884258948e-05], [0.008212662397972475, 0.009201267989001737], [0.004685384568435563, 0.013902166269159353], [0.0018723414010371967, 0.014840523715868796]], "ToICU": [[0.0, 0.0], [8.291364718199252e-05, 0.0001101532097211269], [0.029841957088122192, 0.03314208869858284], [0.01693706075535646, 0.049590162613555734], [0.0066583547214190165, 0.05233597975716382]], "ToIHT": [[0.0, 0.0], [0.00035170413463195315, 0.00046255799023554596], [0.1256902192036542, 0.13934928556070075], [0.07121172362745584, 0.2080991122481726], [0.027820375471747816, 0.21876055624172958]], "ToICUD": [[0.0, 0.0], [9.731028798913731e-06, 1.3720687600914097e-05], [0.0036746009469804932, 0.004143036300959042], [0.005011168736401626, 0.014963969209182852], [0.0033461071325238297, 0.026496320427196785]], "ToIYD": [[0.0, 0.0], [0.002527642218166613, 0.0003316119925897602], [0.014426134229283552, 0.0013511335959977611], [0.003706006530196495, 0.0007109479515310454], [0.0012122540559322836, 0.0005617034572056459]], "ToIA": [[0.0, 0.0], [45.69483921582771, 5.874999346430018], [259.093655107941, 28.57657424549283], [67.95791308544122, 19.734196944752615], [22.511567882190064, 17.618349646394456]], "ToIY": [[0.0, 0.0], [1.340507377921864, 0.17234944042537897], [7.600791735024529, 0.8383246175980917], [1.9936186545909178, 0.5789239453684507], [0.6604011164615718, 0.5168532835020506]]}