{"v_beta_reduct": 0.4, "v_tau_reduct": 0.7, "v_beta_reduct_delta": 0.4, "v_tau_reduct_delta": 0.8, "v_tau_reduct_omicron": 0.7, "S": [[19581.837376979103, 1399.185670543347], [28675.205171939026, 5619.528547338186], [139993.49728990812, 41011.755935422516], [42893.188218726245, 30265.018503314514], [39284.898747180305, 30677.07635611886]], "E": [[33.440930215139666, 2.3889305664768052], [61.59190982986839, 11.99822549083234], [274.6903443373651, 81.35583062482226], [75.11147909845565, 53.48437975366315], [44.27682497793847, 34.57572107325554]], "IA": [[76.20744857562055, 5.438814140128829], [150.92884757166712, 29.58632339279376], [757.4405434138752, 234.27799800830985], [198.55636708512102, 146.6100010190803], [93.91234271593544, 73.34111899257196]], "IY": [[15.721976428132594, 1.1236373106251585], [31.13618619884667, 6.110084998765125], [157.38039469105573, 51.96051614706539], [41.60921613240282, 35.16439282672851], [19.75063308784267, 18.073801307885976]], "PA": [[46.87806443668605, 3.3476955294422504], [92.34459841902039, 18.060910351505292], [452.0635765412309, 136.09633467901833], [118.8411828414673, 85.79612937776884], [57.85418149962616, 45.179366248388085]], "PY": [[9.669661059919557, 0.6905379198246377], [19.048162038181523, 3.7254712546530837], [93.24833726001263, 28.072947201582792], [24.51368186476587, 17.69739218769416], [11.933733457703351, 9.31926613808729]], "R": [[5631.35237219593, 395.7913882267452], [28249.926908111345, 3671.463899689298], [61668.64524997578, 29304.18495257626], [17450.89524057022, 18003.374187280442], [10499.728671264797, 8132.306075585734]], "D": [[1.909174397239752, 0.13998992874934865], [9.567496556393476, 1.2853879697649409], [25.77255745936053, 33.703811618649596], [13.33628657749902, 84.8804616900182], [13.031720137426364, 76.65849844643006]], "IH": [[0.005382580362733018, 0.003837733478978952], [0.008061942632075022, 0.01572828848716475], [2.4834355358146447, 8.022715362479872], [1.517834869617232, 11.676034754149049], [0.9288361748148513, 7.288944104488551]], "ICU": [[0.0019236916764965382, 0.0013705490501129357], [0.002906332273133325, 0.005571143085849659], [0.879833286904187, 2.9352998706173614], [0.502540411463801, 3.96020143055892], [0.23993996326660746, 1.8801551589568226]], "IYIH": [[0.0011335992449933267, 0.0008089248717924643], [0.0017248494426822766, 0.0033819870789373505], [0.533867370276543, 1.6562429569078658], [0.30252026903369733, 2.2373142899785905], [0.16980506824344183, 1.3254214655783885]], "IYICU": [[0.0002356755590876255, 0.00016816808555816708], [0.0003585970355650717, 0.0007030923371060693], [0.1109655207384602, 0.3435780532562295], [0.06286257452420096, 0.46310972342748424], [0.035281607241434386, 0.27416906091592014]], "IHICU": [[8.441801286084786e-05, 6.01826176810971e-05], [0.0001261745138891284, 0.00024599789290743264], [0.03884468620357944, 0.12616012885835629], [0.02224483760440743, 0.17193801556067517], [0.013148745305512879, 0.1032450348305092]], "ToICU": [[0.00032009357194847336, 0.00022835070323926418], [0.0004847715494542001, 0.0009490902300135019], [0.14981020694203964, 0.4697381821145858], [0.0851074121286084, 0.6350477389881594], [0.048430352546947275, 0.37741409574642937]], "ToIHT": [[0.0013692748040809522, 0.0009770929573506312], [0.002083446478247348, 0.0040850794160434195], [0.644832891015003, 1.9998210101640954], [0.36538284355789824, 2.700424013406075], [0.2050866754848762, 1.5995905264943084]], "ToICUD": [[3.591524359203546e-05, 2.558469821566462e-05], [5.424544325804911e-05, 0.0001037612476564259], [0.016387857302113982, 0.055015535778859606], [0.022726903412225635, 0.18007988919854506], [0.023263026749223075, 0.18241282911858706]], "ToIYD": [[0.007565736685527517, 0.0005381444641415828], [0.014973401672458185, 0.0029286302553151134], [0.07401089679195147, 0.01939030646581883], [0.01901528477714384, 0.009225704520578283], [0.008936513255426236, 0.004107209929802969]], "ToIA": [[20.060370921417537, 1.4324566105699243], [40.0661541075445, 7.841996093175117], [199.5752357449237, 60.2706359732656], [52.09638843434084, 37.71278182618578], [24.372970500441298, 19.033402147593055]], "ToIY": [[4.13790522022002, 0.2954765746772702], [8.26455048539217, 1.6175890614390176], [41.16690628755362, 12.432181847320166], [10.746058410461139, 7.779114224701766], [5.027476424095857, 3.926069683037893]]}